Workbook

Sheet SB
A2: PRODUCTO | B2: TIENDA | C2: VALOR | D2: CANTIDAD | E2: TOTAL | G2: COMENTARIO
E3: =C3*D3 -> 0
E4: =C4*D4 -> 0
E5: =C5*D5 -> 0
E6: =C6*D6 -> 0
E7: =C7*D7 -> 0
E8: =C8*D8 -> 0
E9: =C9*D9 -> 0
E10: =C10*D10 -> 0
E11: =C11*D11 -> 0
E12: =C12*D12 -> 0
E13: =C13*D13 -> 0
E14: =C14*D14 -> 0
... E38: =C38*D38 -> 0
A39: FINAL EFECTIVO | E39: =SUM(E2:E38) -> 0

Sheet TOTAL DIARIO
A3: TOTAL TIENDA | B3: TOTAL IVA | C3: TOTAL SUMUP | D3: TOTAL FINAL | F3: CAJA INICIAL | G3: VENTAS EFECTIVO | H3: CAJA FINAL | I3: CAJA DESCONTADA
A4: =SUM(BADTRIP!P3)+(NIXAMALA!P3)+(SAIHOU!P3)+(TENSHI!P3)+(STICKYCLAU!P3)+(LOSTO!P3)+(B!P3)+(DULCE!P3)+(CUARTO!P3)+(TERNUROIDES!P3)+(MILEN!P3)+('C'!P3)+(ZERODOS!P3)+(CHILL!P3)+(TITEREMANIA!P3) -> 4000 | B4: =SUM(BADTRIP!Q3)+(NIXAMALA!Q3)+(SAIHOU!Q3)+(TENSHI!Q3)+(STICKYCLAU!Q3)+(LOSTO!Q3)+(B!Q3)+(DULCE!Q3)+(CUARTO!Q3)+(TERNUROIDES!Q3)+(MILEN!Q3)+('C'!Q3)+(ZERODOS!Q3)+(CHILL!Q3)+(TITEREMANIA!Q3) -> 760 | C4: =SUM(BADTRIP!R3)+(NIXAMALA!R3)+(SAIHOU!R3)+(TENSHI!R3)+(STICKYCLAU!R3)+(LOSTO!R3)+(B!R3)+(DULCE!R3)+(CUARTO!R3)+(TERNUROIDES!R3)+(MILEN!R3)+('C'!R3)+(ZERODOS!R3)+(CHILL!R3)+(TITEREMANIA!R3) -> 69 | D4: =SUM(BADTRIP!S3)+(NIXAMALA!S3)+(SAIHOU!S3)+(TENSHI!S3)+(STICKYCLAU!S3)+(LOSTO!S3)+(B!S3)+(DULCE!S3)+(CUARTO!S3)+(TERNUROIDES!S3)+(MILEN!S3)+('C'!S3)+(ZERODOS!S3)+(CHILL!S3)+(TITEREMANIA!S3) -> 3171 | G4: =(DIA!G58) -> 2000 | H4: =F4+G4 -> 2000
F5: MANUAL | I5: MANUAL

Sheet DIA
B2: EFECTIVO
B3: ARTICULO | C3: VALOR | D3: CANTIDAD | E3: METODO | F3: COMENTARIO | G3: TOTAL | H3: IVA | I3: TOTAL S.I | K3: TOTAL DIARIO | L3: TOTAL IVA | M3: TOTAL SUMUP | N3: TOTAL FINAL
B4: cosita | C4: 2000 | D4: 1 | G4: =C4*D4 -> 2000 | H4: =G4*0.19 -> 380 | I4: =G4-H4 -> 1620 | K4: =G58+G205 -> 4000 | L4: =H58+H205 -> 760 | M4: =SUM(I61:I204) -> 69 | N4: =K4-L4-M4 -> 3171
G5: =C5*D5 -> 0 | H5: =G5*0.19 -> 0 | I5: =G5-H5 -> 0
G6: =C6*D6 -> 0 | H6: =G6*0.19 -> 0 | I6: =G6-H6 -> 0
G7: =C7*D7 -> 0 | H7: =G7*0.19 -> 0 | I7: =G7-H7 -> 0
G8: =C8*D8 -> 0 | H8: =G8*0.19 -> 0 | I8: =G8-H8 -> 0
G9: =C9*D9 -> 0 | H9: =G9*0.19 -> 0 | I9: =G9-H9 -> 0
G10: =C10*D10 -> 0 | H10: =G10*0.19 -> 0 | I10: =G10-H10 -> 0
G11: =C11*D11 -> 0 | H11: =G11*0.19 -> 0 | I11: =G11-H11 -> 0
G12: =C12*D12 -> 0 | H12: =G12*0.19 -> 0 | I12: =G12-H12 -> 0
G13: =C13*D13 -> 0 | H13: =G13*0.19 -> 0 | I13: =G13-H13 -> 0
G14: =C14*D14 -> 0 | H14: =G14*0.19 -> 0 | I14: =G14-H14 -> 0
G15: =C15*D15 -> 0 | H15: =G15*0.19 -> 0 | I15: =G15-H15 -> 0
G16: =C16*D16 -> 0 | H16: =G16*0.19 -> 0 | I16: =G16-H16 -> 0
... G57: =C57*D57 -> 0 | H57: =G57*0.19 -> 0 | I57: =G57-H57 -> 0
B58: TOTALES DIARIOS EFECTIVO | G58: =SUM(G4:G57) -> 2000 | H58: =SUM(H4:H57) -> 380 | I58: =SUM(I4:I57) -> 1620
B59: SUMUP
B60: ARTICULO | C60: VALOR | D60: CANTIDAD | E60: METODO | F60: COMENTARIO | G60: TOTAL | H60: IVA | I60: % SUMUP | J60: TOTAL SIN SUM-IVA | K60: TOTAL SIN SUMUP
B61: casotia sumupo | C61: 2000 | D61: 1 | G61: =C61*D61 -> 2000 | H61: =G61*0.19 -> 380 | I61: =G61*0.0345 -> 69 | J61: =G61-H61-I61 -> 1551 | K61: =G61-I61 -> 1931
G62: =C62*D62 -> 0 | H62: =G62*0.19 -> 0 | I62: =G62*0.0345 -> 0 | J62: =G62-H62-I62 -> 0 | K62: =G62-I62 -> 0
G63: =C63*D63 -> 0 | H63: =G63*0.19 -> 0 | I63: =G63*0.0345 -> 0 | J63: =G63-H63-I63 -> 0 | K63: =G63-I63 -> 0
G64: =C64*D64 -> 0 | H64: =G64*0.19 -> 0 | I64: =G64*0.0345 -> 0 | J64: =G64-H64-I64 -> 0 | K64: =G64-I64 -> 0
G65: =C65*D65 -> 0 | H65: =G65*0.19 -> 0 | I65: =G65*0.0345 -> 0 | J65: =G65-H65-I65 -> 0 | K65: =G65-I65 -> 0
G66: =C66*D66 -> 0 | H66: =G66*0.19 -> 0 | I66: =G66*0.0345 -> 0 | J66: =G66-H66-I66 -> 0 | K66: =G66-I66 -> 0
G67: =C67*D67 -> 0 | H67: =G67*0.19 -> 0 | I67: =G67*0.0345 -> 0 | J67: =G67-H67-I67 -> 0 | K67: =G67-I67 -> 0
G68: =C68*D68 -> 0 | H68: =G68*0.19 -> 0 | I68: =G68*0.0345 -> 0 | J68: =G68-H68-I68 -> 0 | K68: =G68-I68 -> 0
G69: =C69*D69 -> 0 | H69: =G69*0.19 -> 0 | I69: =G69*0.0345 -> 0 | J69: =G69-H69-I69 -> 0 | K69: =G69-I69 -> 0
G70: =C70*D70 -> 0 | H70: =G70*0.19 -> 0 | I70: =G70*0.0345 -> 0 | J70: =G70-H70-I70 -> 0 | K70: =G70-I70 -> 0
G71: =C71*D71 -> 0 | H71: =G71*0.19 -> 0 | I71: =G71*0.0345 -> 0 | J71: =G71-H71-I71 -> 0 | K71: =G71-I71 -> 0
G72: =C72*D72 -> 0 | H72: =G72*0.19 -> 0 | I72: =G72*0.0345 -> 0 | J72: =G72-H72-I72 -> 0 | K72: =G72-I72 -> 0
G73: =C73*D73 -> 0 | H73: =G73*0.19 -> 0 | I73: =G73*0.0345 -> 0 | J73: =G73-H73-I73 -> 0 | K73: =G73-I73 -> 0
... G204: =C204*D204 -> 0 | H204: =G204*0.19 -> 0 | I204: =G204*0.0345 -> 0 | J204: =G204-H204-I204 -> 0 | K204: =G204-I204 -> 0
B205: TOTAL DIARIO SUMUP | G205: =SUM(G61:G204) -> 2000 | H205: =SUM(H61:H204) -> 380 | I205: =SUM(I61:I204) -> 69 | J205: =SUM(J61:J204) -> 1551 | K205: =SUM(K61:K204) -> 1931

Sheet BADTRIP
A1: EFECTIVO | H1: SUMUP
A2: PRODUCTO | B2: VALOR | C2: CANTIDAD | D2: TOTAL | E2: IVA | F2: TOTAL S.I | H2: PRODUCTO | I2: VALOR | J2: CANTIDAD | K2: TOTAL | L2: IVA | M2: SUMUP | N2: TOTAL S.I.S | P2: TOTAL VENTA | Q2: TOTAL IVA | R2: TOTAL SUMUP | S2: TOTAL FINAL
A3: cosita | B3: 2000 | C3: 1 | D3: =B3*C3 -> 2000 | E3: =D3*0.19 -> 380 | F3: =D3-E3 -> 1620 | K3: =I3*J3 -> 0 | L3: =K3*0.19 -> 0 | M3: =K3*0.0345 -> 0 | N3: =K3-L3-M3 -> 0 | P3: =D39+K39 -> 2000 | Q3: =E39+L39 -> 380 | R3: =M39 -> 0 | S3: =P3-Q3-R3 -> 1620
D4: =B4*C4 -> 0 | E4: =D4*0.19 -> 0 | F4: =D4-E4 -> 0 | K4: =I4*J4 -> 0 | L4: =K4*0.19 -> 0 | M4: =K4*0.0345 -> 0 | N4: =K4-L4-M4 -> 0
D5: =B5*C5 -> 0 | E5: =D5*0.19 -> 0 | F5: =D5-E5 -> 0 | K5: =I5*J5 -> 0 | L5: =K5*0.19 -> 0 | M5: =K5*0.0345 -> 0 | N5: =K5-L5-M5 -> 0
D6: =B6*C6 -> 0 | E6: =D6*0.19 -> 0 | F6: =D6-E6 -> 0 | K6: =I6*J6 -> 0 | L6: =K6*0.19 -> 0 | M6: =K6*0.0345 -> 0 | N6: =K6-L6-M6 -> 0
D7: =B7*C7 -> 0 | E7: =D7*0.19 -> 0 | F7: =D7-E7 -> 0 | K7: =I7*J7 -> 0 | L7: =K7*0.19 -> 0 | M7: =K7*0.0345 -> 0 | N7: =K7-L7-M7 -> 0
D8: =B8*C8 -> 0 | E8: =D8*0.19 -> 0 | F8: =D8-E8 -> 0 | K8: =I8*J8 -> 0 | L8: =K8*0.19 -> 0 | M8: =K8*0.0345 -> 0 | N8: =K8-L8-M8 -> 0
D9: =B9*C9 -> 0 | E9: =D9*0.19 -> 0 | F9: =D9-E9 -> 0 | K9: =I9*J9 -> 0 | L9: =K9*0.19 -> 0 | M9: =K9*0.0345 -> 0 | N9: =K9-L9-M9 -> 0
D10: =B10*C10 -> 0 | E10: =D10*0.19 -> 0 | F10: =D10-E10 -> 0 | K10: =I10*J10 -> 0 | L10: =K10*0.19 -> 0 | M10: =K10*0.0345 -> 0 | N10: =K10-L10-M10 -> 0
D11: =B11*C11 -> 0 | E11: =D11*0.19 -> 0 | F11: =D11-E11 -> 0 | K11: =I11*J11 -> 0 | L11: =K11*0.19 -> 0 | M11: =K11*0.0345 -> 0 | N11: =K11-L11-M11 -> 0
D12: =B12*C12 -> 0 | E12: =D12*0.19 -> 0 | F12: =D12-E12 -> 0 | K12: =I12*J12 -> 0 | L12: =K12*0.19 -> 0 | M12: =K12*0.0345 -> 0 | N12: =K12-L12-M12 -> 0
D13: =B13*C13 -> 0 | E13: =D13*0.19 -> 0 | F13: =D13-E13 -> 0 | K13: =I13*J13 -> 0 | L13: =K13*0.19 -> 0 | M13: =K13*0.0345 -> 0 | N13: =K13-L13-M13 -> 0
D14: =B14*C14 -> 0 | E14: =D14*0.19 -> 0 | F14: =D14-E14 -> 0 | K14: =I14*J14 -> 0 | L14: =K14*0.19 -> 0 | M14: =K14*0.0345 -> 0 | N14: =K14-L14-M14 -> 0
D15: =B15*C15 -> 0 | E15: =D15*0.19 -> 0 | F15: =D15-E15 -> 0 | K15: =I15*J15 -> 0 | L15: =K15*0.19 -> 0 | M15: =K15*0.0345 -> 0 | N15: =K15-L15-M15 -> 0
... D38: =B38*C38 -> 0 | E38: =D38*0.19 -> 0 | F38: =D38-E38 -> 0 | K38: =I38*J38 -> 0 | L38: =K38*0.19 -> 0 | M38: =K38*0.0345 -> 0 | N38: =K38-L38-M38 -> 0
A39: FINAL EFECTIVO | D39: =SUM(D2:D38) -> 2000 | E39: =SUM(E3:E38) -> 380 | F39: =SUM(F3:F38) -> 1620 | H39: FINAL SUMUP | K39: =SUM(K3:K38) -> 0 | L39: =SUM(L2:L38) -> 0 | M39: =SUM(M3:M38) -> 0 | N39: =SUM(N3:N38) -> 0

Sheet NIXAMALA
A1: EFECTIVO | H1: SUMUP
A2: PRODUCTO | B2: VALOR | C2: CANTIDAD | D2: TOTAL | E2: IVA | F2: TOTAL S.I | H2: PRODUCTO | I2: VALOR | J2: CANTIDAD | K2: TOTAL | L2: IVA | M2: SUMUP | N2: TOTAL S.I.S | P2: TOTAL VENTA | Q2: TOTAL IVA | R2: TOTAL SUMUP | S2: TOTAL FINAL
D3: =B3*C3 -> 0 | E3: =D3*0.19 -> 0 | F3: =D3-E3 -> 0 | H3: casotia | I3: 2000 | J3: 1 | K3: =I3*J3 -> 2000 | L3: =K3*0.19 -> 380 | M3: =K3*0.0345 -> 69 | N3: =K3-L3-M3 -> 1551 | P3: =D39+K39 -> 2000 | Q3: =E39+L39 -> 380 | R3: =M39 -> 69 | S3: =P3-Q3-R3 -> 1551
D4: =B4*C4 -> 0 | E4: =D4*0.19 -> 0 | F4: =D4-E4 -> 0 | K4: =I4*J4 -> 0 | L4: =K4*0.19 -> 0 | M4: =K4*0.0345 -> 0 | N4: =K4-L4-M4 -> 0
D5: =B5*C5 -> 0 | E5: =D5*0.19 -> 0 | F5: =D5-E5 -> 0 | K5: =I5*J5 -> 0 | L5: =K5*0.19 -> 0 | M5: =K5*0.0345 -> 0 | N5: =K5-L5-M5 -> 0
D6: =B6*C6 -> 0 | E6: =D6*0.19 -> 0 | F6: =D6-E6 -> 0 | K6: =I6*J6 -> 0 | L6: =K6*0.19 -> 0 | M6: =K6*0.0345 -> 0 | N6: =K6-L6-M6 -> 0
D7: =B7*C7 -> 0 | E7: =D7*0.19 -> 0 | F7: =D7-E7 -> 0 | K7: =I7*J7 -> 0 | L7: =K7*0.19 -> 0 | M7: =K7*0.0345 -> 0 | N7: =K7-L7-M7 -> 0
D8: =B8*C8 -> 0 | E8: =D8*0.19 -> 0 | F8: =D8-E8 -> 0 | K8: =I8*J8 -> 0 | L8: =K8*0.19 -> 0 | M8: =K8*0.0345 -> 0 | N8: =K8-L8-M8 -> 0
D9: =B9*C9 -> 0 | E9: =D9*0.19 -> 0 | F9: =D9-E9 -> 0 | K9: =I9*J9 -> 0 | L9: =K9*0.19 -> 0 | M9: =K9*0.0345 -> 0 | N9: =K9-L9-M9 -> 0
D10: =B10*C10 -> 0 | E10: =D10*0.19 -> 0 | F10: =D10-E10 -> 0 | K10: =I10*J10 -> 0 | L10: =K10*0.19 -> 0 | M10: =K10*0.0345 -> 0 | N10: =K10-L10-M10 -> 0
D11: =B11*C11 -> 0 | E11: =D11*0.19 -> 0 | F11: =D11-E11 -> 0 | K11: =I11*J11 -> 0 | L11: =K11*0.19 -> 0 | M11: =K11*0.0345 -> 0 | N11: =K11-L11-M11 -> 0
D12: =B12*C12 -> 0 | E12: =D12*0.19 -> 0 | F12: =D12-E12 -> 0 | K12: =I12*J12 -> 0 | L12: =K12*0.19 -> 0 | M12: =K12*0.0345 -> 0 | N12: =K12-L12-M12 -> 0
D13: =B13*C13 -> 0 | E13: =D13*0.19 -> 0 | F13: =D13-E13 -> 0 | K13: =I13*J13 -> 0 | L13: =K13*0.19 -> 0 | M13: =K13*0.0345 -> 0 | N13: =K13-L13-M13 -> 0
D14: =B14*C14 -> 0 | E14: =D14*0.19 -> 0 | F14: =D14-E14 -> 0 | K14: =I14*J14 -> 0 | L14: =K14*0.19 -> 0 | M14: =K14*0.0345 -> 0 | N14: =K14-L14-M14 -> 0
D15: =B15*C15 -> 0 | E15: =D15*0.19 -> 0 | F15: =D15-E15 -> 0 | K15: =I15*J15 -> 0 | L15: =K15*0.19 -> 0 | M15: =K15*0.0345 -> 0 | N15: =K15-L15-M15 -> 0
... D38: =B38*C38 -> 0 | E38: =D38*0.19 -> 0 | F38: =D38-E38 -> 0 | K38: =I38*J38 -> 0 | L38: =K38*0.19 -> 0 | M38: =K38*0.0345 -> 0 | N38: =K38-L38-M38 -> 0
A39: FINAL EFECTIVO | D39: =SUM(D2:D38) -> 0 | E39: =SUM(E3:E38) -> 0 | F39: =SUM(F3:F38) -> 0 | H39: FINAL SUMUP | K39: =SUM(K3:K38) -> 2000 | L39: =SUM(L2:L38) -> 380 | M39: =SUM(M3:M38) -> 69 | N39: =SUM(N3:N38) -> 1551

Sheet SAIHOU
A1: EFECTIVO | H1: SUMUP
A2: PRODUCTO | B2: VALOR | C2: CANTIDAD | D2: TOTAL | E2: IVA | F2: TOTAL S.I | H2: PRODUCTO | I2: VALOR | J2: CANTIDAD | K2: TOTAL | L2: IVA | M2: SUMUP | N2: TOTAL S.I.S | P2: TOTAL VENTA | Q2: TOTAL IVA | R2: TOTAL SUMUP | S2: TOTAL FINAL
D3: =B3*C3 -> 0 | E3: =D3*0.19 -> 0 | F3: =D3-E3 -> 0 | K3: =I3*J3 -> 0 | L3: =K3*0.19 -> 0 | M3: =K3*0.0345 -> 0 | N3: =K3-L3-M3 -> 0 | P3: =D39+K39 -> 0 | Q3: =E39+L39 -> 0 | R3: =M39 -> 0 | S3: =P3-Q3-R3 -> 0
D4: =B4*C4 -> 0 | E4: =D4*0.19 -> 0 | F4: =D4-E4 -> 0 | K4: =I4*J4 -> 0 | L4: =K4*0.19 -> 0 | M4: =K4*0.0345 -> 0 | N4: =K4-L4-M4 -> 0
D5: =B5*C5 -> 0 | E5: =D5*0.19 -> 0 | F5: =D5-E5 -> 0 | K5: =I5*J5 -> 0 | L5: =K5*0.19 -> 0 | M5: =K5*0.0345 -> 0 | N5: =K5-L5-M5 -> 0
D6: =B6*C6 -> 0 | E6: =D6*0.19 -> 0 | F6: =D6-E6 -> 0 | K6: =I6*J6 -> 0 | L6: =K6*0.19 -> 0 | M6: =K6*0.0345 -> 0 | N6: =K6-L6-M6 -> 0
D7: =B7*C7 -> 0 | E7: =D7*0.19 -> 0 | F7: =D7-E7 -> 0 | K7: =I7*J7 -> 0 | L7: =K7*0.19 -> 0 | M7: =K7*0.0345 -> 0 | N7: =K7-L7-M7 -> 0
D8: =B8*C8 -> 0 | E8: =D8*0.19 -> 0 | F8: =D8-E8 -> 0 | K8: =I8*J8 -> 0 | L8: =K8*0.19 -> 0 | M8: =K8*0.0345 -> 0 | N8: =K8-L8-M8 -> 0
D9: =B9*C9 -> 0 | E9: =D9*0.19 -> 0 | F9: =D9-E9 -> 0 | K9: =I9*J9 -> 0 | L9: =K9*0.19 -> 0 | M9: =K9*0.0345 -> 0 | N9: =K9-L9-M9 -> 0
D10: =B10*C10 -> 0 | E10: =D10*0.19 -> 0 | F10: =D10-E10 -> 0 | K10: =I10*J10 -> 0 | L10: =K10*0.19 -> 0 | M10: =K10*0.0345 -> 0 | N10: =K10-L10-M10 -> 0
D11: =B11*C11 -> 0 | E11: =D11*0.19 -> 0 | F11: =D11-E11 -> 0 | K11: =I11*J11 -> 0 | L11: =K11*0.19 -> 0 | M11: =K11*0.0345 -> 0 | N11: =K11-L11-M11 -> 0
D12: =B12*C12 -> 0 | E12: =D12*0.19 -> 0 | F12: =D12-E12 -> 0 | K12: =I12*J12 -> 0 | L12: =K12*0.19 -> 0 | M12: =K12*0.0345 -> 0 | N12: =K12-L12-M12 -> 0
D13: =B13*C13 -> 0 | E13: =D13*0.19 -> 0 | F13: =D13-E13 -> 0 | K13: =I13*J13 -> 0 | L13: =K13*0.19 -> 0 | M13: =K13*0.0345 -> 0 | N13: =K13-L13-M13 -> 0
D14: =B14*C14 -> 0 | E14: =D14*0.19 -> 0 | F14: =D14-E14 -> 0 | K14: =I14*J14 -> 0 | L14: =K14*0.19 -> 0 | M14: =K14*0.0345 -> 0 | N14: =K14-L14-M14 -> 0
D15: =B15*C15 -> 0 | E15: =D15*0.19 -> 0 | F15: =D15-E15 -> 0 | K15: =I15*J15 -> 0 | L15: =K15*0.19 -> 0 | M15: =K15*0.0345 -> 0 | N15: =K15-L15-M15 -> 0
... D38: =B38*C38 -> 0 | E38: =D38*0.19 -> 0 | F38: =D38-E38 -> 0 | K38: =I38*J38 -> 0 | L38: =K38*0.19 -> 0 | M38: =K38*0.0345 -> 0 | N38: =K38-L38-M38 -> 0
A39: FINAL EFECTIVO | D39: =SUM(D2:D38) -> 0 | E39: =SUM(E3:E38) -> 0 | F39: =SUM(F3:F38) -> 0 | H39: FINAL SUMUP | K39: =SUM(K3:K38) -> 0 | L39: =SUM(L2:L38) -> 0 | M39: =SUM(M3:M38) -> 0 | N39: =SUM(N3:N38) -> 0

Sheet TERNUROIDES
A1: EFECTIVO | H1: SUMUP
A2: PRODUCTO | B2: VALOR | C2: CANTIDAD | D2: TOTAL | E2: IVA | F2: TOTAL S.I | H2: PRODUCTO | I2: VALOR | J2: CANTIDAD | K2: TOTAL | L2: IVA | M2: SUMUP | N2: TOTAL S.I.S | P2: TOTAL VENTA | Q2: TOTAL IVA | R2: TOTAL SUMUP | S2: TOTAL FINAL
D3: =B3*C3 -> 0 | E3: =D3*0.19 -> 0 | F3: =D3-E3 -> 0 | K3: =I3*J3 -> 0 | L3: =K3*0.19 -> 0 | M3: =K3*0.0345 -> 0 | N3: =K3-L3-M3 -> 0 | P3: =D39+K39 -> 0 | Q3: =E39+L39 -> 0 | R3: =M39 -> 0 | S3: =P3-Q3-R3 -> 0
D4: =B4*C4 -> 0 | E4: =D4*0.19 -> 0 | F4: =D4-E4 -> 0 | K4: =I4*J4 -> 0 | L4: =K4*0.19 -> 0 | M4: =K4*0.0345 -> 0 | N4: =K4-L4-M4 -> 0
D5: =B5*C5 -> 0 | E5: =D5*0.19 -> 0 | F5: =D5-E5 -> 0 | K5: =I5*J5 -> 0 | L5: =K5*0.19 -> 0 | M5: =K5*0.0345 -> 0 | N5: =K5-L5-M5 -> 0
D6: =B6*C6 -> 0 | E6: =D6*0.19 -> 0 | F6: =D6-E6 -> 0 | K6: =I6*J6 -> 0 | L6: =K6*0.19 -> 0 | M6: =K6*0.0345 -> 0 | N6: =K6-L6-M6 -> 0
D7: =B7*C7 -> 0 | E7: =D7*0.19 -> 0 | F7: =D7-E7 -> 0 | K7: =I7*J7 -> 0 | L7: =K7*0.19 -> 0 | M7: =K7*0.0345 -> 0 | N7: =K7-L7-M7 -> 0
D8: =B8*C8 -> 0 | E8: =D8*0.19 -> 0 | F8: =D8-E8 -> 0 | K8: =I8*J8 -> 0 | L8: =K8*0.19 -> 0 | M8: =K8*0.0345 -> 0 | N8: =K8-L8-M8 -> 0
D9: =B9*C9 -> 0 | E9: =D9*0.19 -> 0 | F9: =D9-E9 -> 0 | K9: =I9*J9 -> 0 | L9: =K9*0.19 -> 0 | M9: =K9*0.0345 -> 0 | N9: =K9-L9-M9 -> 0
D10: =B10*C10 -> 0 | E10: =D10*0.19 -> 0 | F10: =D10-E10 -> 0 | K10: =I10*J10 -> 0 | L10: =K10*0.19 -> 0 | M10: =K10*0.0345 -> 0 | N10: =K10-L10-M10 -> 0
D11: =B11*C11 -> 0 | E11: =D11*0.19 -> 0 | F11: =D11-E11 -> 0 | K11: =I11*J11 -> 0 | L11: =K11*0.19 -> 0 | M11: =K11*0.0345 -> 0 | N11: =K11-L11-M11 -> 0
D12: =B12*C12 -> 0 | E12: =D12*0.19 -> 0 | F12: =D12-E12 -> 0 | K12: =I12*J12 -> 0 | L12: =K12*0.19 -> 0 | M12: =K12*0.0345 -> 0 | N12: =K12-L12-M12 -> 0
D13: =B13*C13 -> 0 | E13: =D13*0.19 -> 0 | F13: =D13-E13 -> 0 | K13: =I13*J13 -> 0 | L13: =K13*0.19 -> 0 | M13: =K13*0.0345 -> 0 | N13: =K13-L13-M13 -> 0
D14: =B14*C14 -> 0 | E14: =D14*0.19 -> 0 | F14: =D14-E14 -> 0 | K14: =I14*J14 -> 0 | L14: =K14*0.19 -> 0 | M14: =K14*0.0345 -> 0 | N14: =K14-L14-M14 -> 0
D15: =B15*C15 -> 0 | E15: =D15*0.19 -> 0 | F15: =D15-E15 -> 0 | K15: =I15*J15 -> 0 | L15: =K15*0.19 -> 0 | M15: =K15*0.0345 -> 0 | N15: =K15-L15-M15 -> 0
... D38: =B38*C38 -> 0 | E38: =D38*0.19 -> 0 | F38: =D38-E38 -> 0 | K38: =I38*J38 -> 0 | L38: =K38*0.19 -> 0 | M38: =K38*0.0345 -> 0 | N38: =K38-L38-M38 -> 0
A39: FINAL EFECTIVO | D39: =SUM(D2:D38) -> 0 | E39: =SUM(E3:E38) -> 0 | F39: =SUM(F3:F38) -> 0 | H39: FINAL SUMUP | K39: =SUM(K3:K38) -> 0 | L39: =SUM(L2:L38) -> 0 | M39: =SUM(M3:M38) -> 0 | N39: =SUM(N3:N38) -> 0

Sheet STICKYCLAU
A1: EFECTIVO | H1: SUMUP
A2: PRODUCTO | B2: VALOR | C2: CANTIDAD | D2: TOTAL | E2: IVA | F2: TOTAL S.I | H2: PRODUCTO | I2: VALOR | J2: CANTIDAD | K2: TOTAL | L2: IVA | M2: SUMUP | N2: TOTAL S.I.S | P2: TOTAL VENTA | Q2: TOTAL IVA | R2: TOTAL SUMUP | S2: TOTAL FINAL
D3: =B3*C3 -> 0 | E3: =D3*0.19 -> 0 | F3: =D3-E3 -> 0 | K3: =I3*J3 -> 0 | L3: =K3*0.19 -> 0 | M3: =K3*0.0345 -> 0 | N3: =K3-L3-M3 -> 0 | P3: =D39+K39 -> 0 | Q3: =E39+L39 -> 0 | R3: =M39 -> 0 | S3: =P3-Q3-R3 -> 0
D4: =B4*C4 -> 0 | E4: =D4*0.19 -> 0 | F4: =D4-E4 -> 0 | K4: =I4*J4 -> 0 | L4: =K4*0.19 -> 0 | M4: =K4*0.0345 -> 0 | N4: =K4-L4-M4 -> 0
D5: =B5*C5 -> 0 | E5: =D5*0.19 -> 0 | F5: =D5-E5 -> 0 | K5: =I5*J5 -> 0 | L5: =K5*0.19 -> 0 | M5: =K5*0.0345 -> 0 | N5: =K5-L5-M5 -> 0
D6: =B6*C6 -> 0 | E6: =D6*0.19 -> 0 | F6: =D6-E6 -> 0 | K6: =I6*J6 -> 0 | L6: =K6*0.19 -> 0 | M6: =K6*0.0345 -> 0 | N6: =K6-L6-M6 -> 0
D7: =B7*C7 -> 0 | E7: =D7*0.19 -> 0 | F7: =D7-E7 -> 0 | K7: =I7*J7 -> 0 | L7: =K7*0.19 -> 0 | M7: =K7*0.0345 -> 0 | N7: =K7-L7-M7 -> 0
D8: =B8*C8 -> 0 | E8: =D8*0.19 -> 0 | F8: =D8-E8 -> 0 | K8: =I8*J8 -> 0 | L8: =K8*0.19 -> 0 | M8: =K8*0.0345 -> 0 | N8: =K8-L8-M8 -> 0
D9: =B9*C9 -> 0 | E9: =D9*0.19 -> 0 | F9: =D9-E9 -> 0 | K9: =I9*J9 -> 0 | L9: =K9*0.19 -> 0 | M9: =K9*0.0345 -> 0 | N9: =K9-L9-M9 -> 0
D10: =B10*C10 -> 0 | E10: =D10*0.19 -> 0 | F10: =D10-E10 -> 0 | K10: =I10*J10 -> 0 | L10: =K10*0.19 -> 0 | M10: =K10*0.0345 -> 0 | N10: =K10-L10-M10 -> 0
D11: =B11*C11 -> 0 | E11: =D11*0.19 -> 0 | F11: =D11-E11 -> 0 | K11: =I11*J11 -> 0 | L11: =K11*0.19 -> 0 | M11: =K11*0.0345 -> 0 | N11: =K11-L11-M11 -> 0
D12: =B12*C12 -> 0 | E12: =D12*0.19 -> 0 | F12: =D12-E12 -> 0 | K12: =I12*J12 -> 0 | L12: =K12*0.19 -> 0 | M12: =K12*0.0345 -> 0 | N12: =K12-L12-M12 -> 0
D13: =B13*C13 -> 0 | E13: =D13*0.19 -> 0 | F13: =D13-E13 -> 0 | K13: =I13*J13 -> 0 | L13: =K13*0.19 -> 0 | M13: =K13*0.0345 -> 0 | N13: =K13-L13-M13 -> 0
D14: =B14*C14 -> 0 | E14: =D14*0.19 -> 0 | F14: =D14-E14 -> 0 | K14: =I14*J14 -> 0 | L14: =K14*0.19 -> 0 | M14: =K14*0.0345 -> 0 | N14: =K14-L14-M14 -> 0
D15: =B15*C15 -> 0 | E15: =D15*0.19 -> 0 | F15: =D15-E15 -> 0 | K15: =I15*J15 -> 0 | L15: =K15*0.19 -> 0 | M15: =K15*0.0345 -> 0 | N15: =K15-L15-M15 -> 0
... D38: =B38*C38 -> 0 | E38: =D38*0.19 -> 0 | F38: =D38-E38 -> 0 | K38: =I38*J38 -> 0 | L38: =K38*0.19 -> 0 | M38: =K38*0.0345 -> 0 | N38: =K38-L38-M38 -> 0
A39: FINAL EFECTIVO | D39: =SUM(D2:D38) -> 0 | E39: =SUM(E3:E38) -> 0 | F39: =SUM(F3:F38) -> 0 | H39: FINAL SUMUP | K39: =SUM(K3:K38) -> 0 | L39: =SUM(L2:L38) -> 0 | M39: =SUM(M3:M38) -> 0 | N39: =SUM(N3:N38) -> 0

Sheet CUARTO
A1: EFECTIVO | H1: SUMUP
A2: PRODUCTO | B2: VALOR | C2: CANTIDAD | D2: TOTAL | E2: IVA | F2: TOTAL S.I | H2: PRODUCTO | I2: VALOR | J2: CANTIDAD | K2: TOTAL | L2: IVA | M2: SUMUP | N2: TOTAL S.I.S | P2: TOTAL VENTA | Q2: TOTAL IVA | R2: TOTAL SUMUP | S2: TOTAL FINAL
D3: =B3*C3 -> 0 | E3: =D3*0.19 -> 0 | F3: =D3-E3 -> 0 | K3: =I3*J3 -> 0 | L3: =K3*0.19 -> 0 | M3: =K3*0.0345 -> 0 | N3: =K3-L3-M3 -> 0 | P3: =D39+K39 -> 0 | Q3: =E39+L39 -> 0 | R3: =M39 -> 0 | S3: =P3-Q3-R3 -> 0
D4: =B4*C4 -> 0 | E4: =D4*0.19 -> 0 | F4: =D4-E4 -> 0 | K4: =I4*J4 -> 0 | L4: =K4*0.19 -> 0 | M4: =K4*0.0345 -> 0 | N4: =K4-L4-M4 -> 0
D5: =B5*C5 -> 0 | E5: =D5*0.19 -> 0 | F5: =D5-E5 -> 0 | K5: =I5*J5 -> 0 | L5: =K5*0.19 -> 0 | M5: =K5*0.0345 -> 0 | N5: =K5-L5-M5 -> 0
D6: =B6*C6 -> 0 | E6: =D6*0.19 -> 0 | F6: =D6-E6 -> 0 | K6: =I6*J6 -> 0 | L6: =K6*0.19 -> 0 | M6: =K6*0.0345 -> 0 | N6: =K6-L6-M6 -> 0
D7: =B7*C7 -> 0 | E7: =D7*0.19 -> 0 | F7: =D7-E7 -> 0 | K7: =I7*J7 -> 0 | L7: =K7*0.19 -> 0 | M7: =K7*0.0345 -> 0 | N7: =K7-L7-M7 -> 0
D8: =B8*C8 -> 0 | E8: =D8*0.19 -> 0 | F8: =D8-E8 -> 0 | K8: =I8*J8 -> 0 | L8: =K8*0.19 -> 0 | M8: =K8*0.0345 -> 0 | N8: =K8-L8-M8 -> 0
D9: =B9*C9 -> 0 | E9: =D9*0.19 -> 0 | F9: =D9-E9 -> 0 | K9: =I9*J9 -> 0 | L9: =K9*0.19 -> 0 | M9: =K9*0.0345 -> 0 | N9: =K9-L9-M9 -> 0
D10: =B10*C10 -> 0 | E10: =D10*0.19 -> 0 | F10: =D10-E10 -> 0 | K10: =I10*J10 -> 0 | L10: =K10*0.19 -> 0 | M10: =K10*0.0345 -> 0 | N10: =K10-L10-M10 -> 0
D11: =B11*C11 -> 0 | E11: =D11*0.19 -> 0 | F11: =D11-E11 -> 0 | K11: =I11*J11 -> 0 | L11: =K11*0.19 -> 0 | M11: =K11*0.0345 -> 0 | N11: =K11-L11-M11 -> 0
D12: =B12*C12 -> 0 | E12: =D12*0.19 -> 0 | F12: =D12-E12 -> 0 | K12: =I12*J12 -> 0 | L12: =K12*0.19 -> 0 | M12: =K12*0.0345 -> 0 | N12: =K12-L12-M12 -> 0
D13: =B13*C13 -> 0 | E13: =D13*0.19 -> 0 | F13: =D13-E13 -> 0 | K13: =I13*J13 -> 0 | L13: =K13*0.19 -> 0 | M13: =K13*0.0345 -> 0 | N13: =K13-L13-M13 -> 0
D14: =B14*C14 -> 0 | E14: =D14*0.19 -> 0 | F14: =D14-E14 -> 0 | K14: =I14*J14 -> 0 | L14: =K14*0.19 -> 0 | M14: =K14*0.0345 -> 0 | N14: =K14-L14-M14 -> 0
D15: =B15*C15 -> 0 | E15: =D15*0.19 -> 0 | F15: =D15-E15 -> 0 | K15: =I15*J15 -> 0 | L15: =K15*0.19 -> 0 | M15: =K15*0.0345 -> 0 | N15: =K15-L15-M15 -> 0
... D38: =B38*C38 -> 0 | E38: =D38*0.19 -> 0 | F38: =D38-E38 -> 0 | K38: =I38*J38 -> 0 | L38: =K38*0.19 -> 0 | M38: =K38*0.0345 -> 0 | N38: =K38-L38-M38 -> 0
A39: FINAL EFECTIVO | D39: =SUM(D2:D38) -> 0 | E39: =SUM(E3:E38) -> 0 | F39: =SUM(F3:F38) -> 0 | H39: FINAL SUMUP | K39: =SUM(K3:K38) -> 0 | L39: =SUM(L2:L38) -> 0 | M39: =SUM(M3:M38) -> 0 | N39: =SUM(N3:N38) -> 0

Sheet MILEN
A1: EFECTIVO | H1: SUMUP
A2: PRODUCTO | B2: VALOR | C2: CANTIDAD | D2: TOTAL | E2: IVA | F2: TOTAL S.I | H2: PRODUCTO | I2: VALOR | J2: CANTIDAD | K2: TOTAL | L2: IVA | M2: SUMUP | N2: TOTAL S.I.S | P2: TOTAL VENTA | Q2: TOTAL IVA | R2: TOTAL SUMUP | S2: TOTAL FINAL
D3: =B3*C3 -> 0 | E3: =D3*0.19 -> 0 | F3: =D3-E3 -> 0 | K3: =I3*J3 -> 0 | L3: =K3*0.19 -> 0 | M3: =K3*0.0345 -> 0 | N3: =K3-L3-M3 -> 0 | P3: =D39+K39 -> 0 | Q3: =E39+L39 -> 0 | R3: =M39 -> 0 | S3: =P3-Q3-R3 -> 0
D4: =B4*C4 -> 0 | E4: =D4*0.19 -> 0 | F4: =D4-E4 -> 0 | K4: =I4*J4 -> 0 | L4: =K4*0.19 -> 0 | M4: =K4*0.0345 -> 0 | N4: =K4-L4-M4 -> 0
D5: =B5*C5 -> 0 | E5: =D5*0.19 -> 0 | F5: =D5-E5 -> 0 | K5: =I5*J5 -> 0 | L5: =K5*0.19 -> 0 | M5: =K5*0.0345 -> 0 | N5: =K5-L5-M5 -> 0
D6: =B6*C6 -> 0 | E6: =D6*0.19 -> 0 | F6: =D6-E6 -> 0 | K6: =I6*J6 -> 0 | L6: =K6*0.19 -> 0 | M6: =K6*0.0345 -> 0 | N6: =K6-L6-M6 -> 0
D7: =B7*C7 -> 0 | E7: =D7*0.19 -> 0 | F7: =D7-E7 -> 0 | K7: =I7*J7 -> 0 | L7: =K7*0.19 -> 0 | M7: =K7*0.0345 -> 0 | N7: =K7-L7-M7 -> 0
D8: =B8*C8 -> 0 | E8: =D8*0.19 -> 0 | F8: =D8-E8 -> 0 | K8: =I8*J8 -> 0 | L8: =K8*0.19 -> 0 | M8: =K8*0.0345 -> 0 | N8: =K8-L8-M8 -> 0
D9: =B9*C9 -> 0 | E9: =D9*0.19 -> 0 | F9: =D9-E9 -> 0 | K9: =I9*J9 -> 0 | L9: =K9*0.19 -> 0 | M9: =K9*0.0345 -> 0 | N9: =K9-L9-M9 -> 0
D10: =B10*C10 -> 0 | E10: =D10*0.19 -> 0 | F10: =D10-E10 -> 0 | K10: =I10*J10 -> 0 | L10: =K10*0.19 -> 0 | M10: =K10*0.0345 -> 0 | N10: =K10-L10-M10 -> 0
D11: =B11*C11 -> 0 | E11: =D11*0.19 -> 0 | F11: =D11-E11 -> 0 | K11: =I11*J11 -> 0 | L11: =K11*0.19 -> 0 | M11: =K11*0.0345 -> 0 | N11: =K11-L11-M11 -> 0
D12: =B12*C12 -> 0 | E12: =D12*0.19 -> 0 | F12: =D12-E12 -> 0 | K12: =I12*J12 -> 0 | L12: =K12*0.19 -> 0 | M12: =K12*0.0345 -> 0 | N12: =K12-L12-M12 -> 0
D13: =B13*C13 -> 0 | E13: =D13*0.19 -> 0 | F13: =D13-E13 -> 0 | K13: =I13*J13 -> 0 | L13: =K13*0.19 -> 0 | M13: =K13*0.0345 -> 0 | N13: =K13-L13-M13 -> 0
D14: =B14*C14 -> 0 | E14: =D14*0.19 -> 0 | F14: =D14-E14 -> 0 | K14: =I14*J14 -> 0 | L14: =K14*0.19 -> 0 | M14: =K14*0.0345 -> 0 | N14: =K14-L14-M14 -> 0
D15: =B15*C15 -> 0 | E15: =D15*0.19 -> 0 | F15: =D15-E15 -> 0 | K15: =I15*J15 -> 0 | L15: =K15*0.19 -> 0 | M15: =K15*0.0345 -> 0 | N15: =K15-L15-M15 -> 0
... D38: =B38*C38 -> 0 | E38: =D38*0.19 -> 0 | F38: =D38-E38 -> 0 | K38: =I38*J38 -> 0 | L38: =K38*0.19 -> 0 | M38: =K38*0.0345 -> 0 | N38: =K38-L38-M38 -> 0
A39: FINAL EFECTIVO | D39: =SUM(D2:D38) -> 0 | E39: =SUM(E3:E38) -> 0 | F39: =SUM(F3:F38) -> 0 | H39: FINAL SUMUP | K39: =SUM(K3:K38) -> 0 | L39: =SUM(L2:L38) -> 0 | M39: =SUM(M3:M38) -> 0 | N39: =SUM(N3:N38) -> 0

Sheet ZERODOS
A1: EFECTIVO | H1: SUMUP
A2: PRODUCTO | B2: VALOR | C2: CANTIDAD | D2: TOTAL | E2: IVA | F2: TOTAL S.I | H2: PRODUCTO | I2: VALOR | J2: CANTIDAD | K2: TOTAL | L2: IVA | M2: SUMUP | N2: TOTAL S.I.S | P2: TOTAL VENTA | Q2: TOTAL IVA | R2: TOTAL SUMUP | S2: TOTAL FINAL
D3: =B3*C3 -> 0 | E3: =D3*0.19 -> 0 | F3: =D3-E3 -> 0 | K3: =I3*J3 -> 0 | L3: =K3*0.19 -> 0 | M3: =K3*0.0345 -> 0 | N3: =K3-L3-M3 -> 0 | P3: =D39+K39 -> 0 | Q3: =E39+L39 -> 0 | R3: =M39 -> 0 | S3: =P3-Q3-R3 -> 0
D4: =B4*C4 -> 0 | E4: =D4*0.19 -> 0 | F4: =D4-E4 -> 0 | K4: =I4*J4 -> 0 | L4: =K4*0.19 -> 0 | M4: =K4*0.0345 -> 0 | N4: =K4-L4-M4 -> 0
D5: =B5*C5 -> 0 | E5: =D5*0.19 -> 0 | F5: =D5-E5 -> 0 | K5: =I5*J5 -> 0 | L5: =K5*0.19 -> 0 | M5: =K5*0.0345 -> 0 | N5: =K5-L5-M5 -> 0
D6: =B6*C6 -> 0 | E6: =D6*0.19 -> 0 | F6: =D6-E6 -> 0 | K6: =I6*J6 -> 0 | L6: =K6*0.19 -> 0 | M6: =K6*0.0345 -> 0 | N6: =K6-L6-M6 -> 0
D7: =B7*C7 -> 0 | E7: =D7*0.19 -> 0 | F7: =D7-E7 -> 0 | K7: =I7*J7 -> 0 | L7: =K7*0.19 -> 0 | M7: =K7*0.0345 -> 0 | N7: =K7-L7-M7 -> 0
D8: =B8*C8 -> 0 | E8: =D8*0.19 -> 0 | F8: =D8-E8 -> 0 | K8: =I8*J8 -> 0 | L8: =K8*0.19 -> 0 | M8: =K8*0.0345 -> 0 | N8: =K8-L8-M8 -> 0
D9: =B9*C9 -> 0 | E9: =D9*0.19 -> 0 | F9: =D9-E9 -> 0 | K9: =I9*J9 -> 0 | L9: =K9*0.19 -> 0 | M9: =K9*0.0345 -> 0 | N9: =K9-L9-M9 -> 0
D10: =B10*C10 -> 0 | E10: =D10*0.19 -> 0 | F10: =D10-E10 -> 0 | K10: =I10*J10 -> 0 | L10: =K10*0.19 -> 0 | M10: =K10*0.0345 -> 0 | N10: =K10-L10-M10 -> 0
D11: =B11*C11 -> 0 | E11: =D11*0.19 -> 0 | F11: =D11-E11 -> 0 | K11: =I11*J11 -> 0 | L11: =K11*0.19 -> 0 | M11: =K11*0.0345 -> 0 | N11: =K11-L11-M11 -> 0
D12: =B12*C12 -> 0 | E12: =D12*0.19 -> 0 | F12: =D12-E12 -> 0 | K12: =I12*J12 -> 0 | L12: =K12*0.19 -> 0 | M12: =K12*0.0345 -> 0 | N12: =K12-L12-M12 -> 0
D13: =B13*C13 -> 0 | E13: =D13*0.19 -> 0 | F13: =D13-E13 -> 0 | K13: =I13*J13 -> 0 | L13: =K13*0.19 -> 0 | M13: =K13*0.0345 -> 0 | N13: =K13-L13-M13 -> 0
D14: =B14*C14 -> 0 | E14: =D14*0.19 -> 0 | F14: =D14-E14 -> 0 | K14: =I14*J14 -> 0 | L14: =K14*0.19 -> 0 | M14: =K14*0.0345 -> 0 | N14: =K14-L14-M14 -> 0
D15: =B15*C15 -> 0 | E15: =D15*0.19 -> 0 | F15: =D15-E15 -> 0 | K15: =I15*J15 -> 0 | L15: =K15*0.19 -> 0 | M15: =K15*0.0345 -> 0 | N15: =K15-L15-M15 -> 0
... D38: =B38*C38 -> 0 | E38: =D38*0.19 -> 0 | F38: =D38-E38 -> 0 | K38: =I38*J38 -> 0 | L38: =K38*0.19 -> 0 | M38: =K38*0.0345 -> 0 | N38: =K38-L38-M38 -> 0
A39: FINAL EFECTIVO | D39: =SUM(D2:D38) -> 0 | E39: =SUM(E3:E38) -> 0 | F39: =SUM(F3:F38) -> 0 | H39: FINAL SUMUP | K39: =SUM(K3:K38) -> 0 | L39: =SUM(L2:L38) -> 0 | M39: =SUM(M3:M38) -> 0 | N39: =SUM(N3:N38) -> 0

Sheet TITEREMANIA
A1: EFECTIVO | H1: SUMUP
A2: PRODUCTO | B2: VALOR | C2: CANTIDAD | D2: TOTAL | E2: IVA | F2: TOTAL S.I | H2: PRODUCTO | I2: VALOR | J2: CANTIDAD | K2: TOTAL | L2: IVA | M2: SUMUP | N2: TOTAL S.I.S | P2: TOTAL VENTA | Q2: TOTAL IVA | R2: TOTAL SUMUP | S2: TOTAL FINAL
D3: =B3*C3 -> 0 | E3: =D3*0.19 -> 0 | F3: =D3-E3 -> 0 | K3: =I3*J3 -> 0 | L3: =K3*0.19 -> 0 | M3: =K3*0.0345 -> 0 | N3: =K3-L3-M3 -> 0 | P3: =D39+K39 -> 0 | Q3: =E39+L39 -> 0 | R3: =M39 -> 0 | S3: =P3-Q3-R3 -> 0
D4: =B4*C4 -> 0 | E4: =D4*0.19 -> 0 | F4: =D4-E4 -> 0 | K4: =I4*J4 -> 0 | L4: =K4*0.19 -> 0 | M4: =K4*0.0345 -> 0 | N4: =K4-L4-M4 -> 0
D5: =B5*C5 -> 0 | E5: =D5*0.19 -> 0 | F5: =D5-E5 -> 0 | K5: =I5*J5 -> 0 | L5: =K5*0.19 -> 0 | M5: =K5*0.0345 -> 0 | N5: =K5-L5-M5 -> 0
D6: =B6*C6 -> 0 | E6: =D6*0.19 -> 0 | F6: =D6-E6 -> 0 | K6: =I6*J6 -> 0 | L6: =K6*0.19 -> 0 | M6: =K6*0.0345 -> 0 | N6: =K6-L6-M6 -> 0
D7: =B7*C7 -> 0 | E7: =D7*0.19 -> 0 | F7: =D7-E7 -> 0 | K7: =I7*J7 -> 0 | L7: =K7*0.19 -> 0 | M7: =K7*0.0345 -> 0 | N7: =K7-L7-M7 -> 0
D8: =B8*C8 -> 0 | E8: =D8*0.19 -> 0 | F8: =D8-E8 -> 0 | K8: =I8*J8 -> 0 | L8: =K8*0.19 -> 0 | M8: =K8*0.0345 -> 0 | N8: =K8-L8-M8 -> 0
D9: =B9*C9 -> 0 | E9: =D9*0.19 -> 0 | F9: =D9-E9 -> 0 | K9: =I9*J9 -> 0 | L9: =K9*0.19 -> 0 | M9: =K9*0.0345 -> 0 | N9: =K9-L9-M9 -> 0
D10: =B10*C10 -> 0 | E10: =D10*0.19 -> 0 | F10: =D10-E10 -> 0 | K10: =I10*J10 -> 0 | L10: =K10*0.19 -> 0 | M10: =K10*0.0345 -> 0 | N10: =K10-L10-M10 -> 0
D11: =B11*C11 -> 0 | E11: =D11*0.19 -> 0 | F11: =D11-E11 -> 0 | K11: =I11*J11 -> 0 | L11: =K11*0.19 -> 0 | M11: =K11*0.0345 -> 0 | N11: =K11-L11-M11 -> 0
D12: =B12*C12 -> 0 | E12: =D12*0.19 -> 0 | F12: =D12-E12 -> 0 | K12: =I12*J12 -> 0 | L12: =K12*0.19 -> 0 | M12: =K12*0.0345 -> 0 | N12: =K12-L12-M12 -> 0
D13: =B13*C13 -> 0 | E13: =D13*0.19 -> 0 | F13: =D13-E13 -> 0 | K13: =I13*J13 -> 0 | L13: =K13*0.19 -> 0 | M13: =K13*0.0345 -> 0 | N13: =K13-L13-M13 -> 0
D14: =B14*C14 -> 0 | E14: =D14*0.19 -> 0 | F14: =D14-E14 -> 0 | K14: =I14*J14 -> 0 | L14: =K14*0.19 -> 0 | M14: =K14*0.0345 -> 0 | N14: =K14-L14-M14 -> 0
D15: =B15*C15 -> 0 | E15: =D15*0.19 -> 0 | F15: =D15-E15 -> 0 | K15: =I15*J15 -> 0 | L15: =K15*0.19 -> 0 | M15: =K15*0.0345 -> 0 | N15: =K15-L15-M15 -> 0
... D38: =B38*C38 -> 0 | E38: =D38*0.19 -> 0 | F38: =D38-E38 -> 0 | K38: =I38*J38 -> 0 | L38: =K38*0.19 -> 0 | M38: =K38*0.0345 -> 0 | N38: =K38-L38-M38 -> 0
A39: FINAL EFECTIVO | D39: =SUM(D2:D38) -> 0 | E39: =SUM(E3:E38) -> 0 | F39: =SUM(F3:F38) -> 0 | H39: FINAL SUMUP | K39: =SUM(K3:K38) -> 0 | L39: =SUM(L2:L38) -> 0 | M39: =SUM(M3:M38) -> 0 | N39: =SUM(N3:N38) -> 0

Sheet TENSHI
A1: EFECTIVO | H1: SUMUP
A2: PRODUCTO | B2: VALOR | C2: CANTIDAD | D2: TOTAL | E2: IVA | F2: TOTAL S.I | H2: PRODUCTO | I2: VALOR | J2: CANTIDAD | K2: TOTAL | L2: IVA | M2: SUMUP | N2: TOTAL S.I.S | P2: TOTAL VENTA | Q2: TOTAL IVA | R2: TOTAL SUMUP | S2: TOTAL FINAL
D3: =B3*C3 -> 0 | E3: =D3*0.19 -> 0 | F3: =D3-E3 -> 0 | K3: =I3*J3 -> 0 | L3: =K3*0.19 -> 0 | M3: =K3*0.0345 -> 0 | N3: =K3-L3-M3 -> 0 | P3: =D39+K39 -> 0 | Q3: =E39+L39 -> 0 | R3: =M39 -> 0 | S3: =P3-Q3-R3 -> 0
D4: =B4*C4 -> 0 | E4: =D4*0.19 -> 0 | F4: =D4-E4 -> 0 | K4: =I4*J4 -> 0 | L4: =K4*0.19 -> 0 | M4: =K4*0.0345 -> 0 | N4: =K4-L4-M4 -> 0
D5: =B5*C5 -> 0 | E5: =D5*0.19 -> 0 | F5: =D5-E5 -> 0 | K5: =I5*J5 -> 0 | L5: =K5*0.19 -> 0 | M5: =K5*0.0345 -> 0 | N5: =K5-L5-M5 -> 0
D6: =B6*C6 -> 0 | E6: =D6*0.19 -> 0 | F6: =D6-E6 -> 0 | K6: =I6*J6 -> 0 | L6: =K6*0.19 -> 0 | M6: =K6*0.0345 -> 0 | N6: =K6-L6-M6 -> 0
D7: =B7*C7 -> 0 | E7: =D7*0.19 -> 0 | F7: =D7-E7 -> 0 | K7: =I7*J7 -> 0 | L7: =K7*0.19 -> 0 | M7: =K7*0.0345 -> 0 | N7: =K7-L7-M7 -> 0
D8: =B8*C8 -> 0 | E8: =D8*0.19 -> 0 | F8: =D8-E8 -> 0 | K8: =I8*J8 -> 0 | L8: =K8*0.19 -> 0 | M8: =K8*0.0345 -> 0 | N8: =K8-L8-M8 -> 0
D9: =B9*C9 -> 0 | E9: =D9*0.19 -> 0 | F9: =D9-E9 -> 0 | K9: =I9*J9 -> 0 | L9: =K9*0.19 -> 0 | M9: =K9*0.0345 -> 0 | N9: =K9-L9-M9 -> 0
D10: =B10*C10 -> 0 | E10: =D10*0.19 -> 0 | F10: =D10-E10 -> 0 | K10: =I10*J10 -> 0 | L10: =K10*0.19 -> 0 | M10: =K10*0.0345 -> 0 | N10: =K10-L10-M10 -> 0
D11: =B11*C11 -> 0 | E11: =D11*0.19 -> 0 | F11: =D11-E11 -> 0 | K11: =I11*J11 -> 0 | L11: =K11*0.19 -> 0 | M11: =K11*0.0345 -> 0 | N11: =K11-L11-M11 -> 0
D12: =B12*C12 -> 0 | E12: =D12*0.19 -> 0 | F12: =D12-E12 -> 0 | K12: =I12*J12 -> 0 | L12: =K12*0.19 -> 0 | M12: =K12*0.0345 -> 0 | N12: =K12-L12-M12 -> 0
D13: =B13*C13 -> 0 | E13: =D13*0.19 -> 0 | F13: =D13-E13 -> 0 | K13: =I13*J13 -> 0 | L13: =K13*0.19 -> 0 | M13: =K13*0.0345 -> 0 | N13: =K13-L13-M13 -> 0
D14: =B14*C14 -> 0 | E14: =D14*0.19 -> 0 | F14: =D14-E14 -> 0 | K14: =I14*J14 -> 0 | L14: =K14*0.19 -> 0 | M14: =K14*0.0345 -> 0 | N14: =K14-L14-M14 -> 0
D15: =B15*C15 -> 0 | E15: =D15*0.19 -> 0 | F15: =D15-E15 -> 0 | K15: =I15*J15 -> 0 | L15: =K15*0.19 -> 0 | M15: =K15*0.0345 -> 0 | N15: =K15-L15-M15 -> 0
... D38: =B38*C38 -> 0 | E38: =D38*0.19 -> 0 | F38: =D38-E38 -> 0 | K38: =I38*J38 -> 0 | L38: =K38*0.19 -> 0 | M38: =K38*0.0345 -> 0 | N38: =K38-L38-M38 -> 0
A39: FINAL EFECTIVO | D39: =SUM(D2:D38) -> 0 | E39: =SUM(E3:E38) -> 0 | F39: =SUM(F3:F38) -> 0 | H39: FINAL SUMUP | K39: =SUM(K3:K38) -> 0 | L39: =SUM(L2:L38) -> 0 | M39: =SUM(M3:M38) -> 0 | N39: =SUM(N3:N38) -> 0

Sheet CHILL
A1: EFECTIVO | H1: SUMUP
A2: PRODUCTO | B2: VALOR | C2: CANTIDAD | D2: TOTAL | E2: IVA | F2: TOTAL S.I | H2: PRODUCTO | I2: VALOR | J2: CANTIDAD | K2: TOTAL | L2: IVA | M2: SUMUP | N2: TOTAL S.I.S | P2: TOTAL VENTA | Q2: TOTAL IVA | R2: TOTAL SUMUP | S2: TOTAL FINAL
D3: =B3*C3 -> 0 | E3: =D3*0.19 -> 0 | F3: =D3-E3 -> 0 | K3: =I3*J3 -> 0 | L3: =K3*0.19 -> 0 | M3: =K3*0.0345 -> 0 | N3: =K3-L3-M3 -> 0 | P3: =D39+K39 -> 0 | Q3: =E39+L39 -> 0 | R3: =M39 -> 0 | S3: =P3-Q3-R3 -> 0
D4: =B4*C4 -> 0 | E4: =D4*0.19 -> 0 | F4: =D4-E4 -> 0 | K4: =I4*J4 -> 0 | L4: =K4*0.19 -> 0 | M4: =K4*0.0345 -> 0 | N4: =K4-L4-M4 -> 0
D5: =B5*C5 -> 0 | E5: =D5*0.19 -> 0 | F5: =D5-E5 -> 0 | K5: =I5*J5 -> 0 | L5: =K5*0.19 -> 0 | M5: =K5*0.0345 -> 0 | N5: =K5-L5-M5 -> 0
D6: =B6*C6 -> 0 | E6: =D6*0.19 -> 0 | F6: =D6-E6 -> 0 | K6: =I6*J6 -> 0 | L6: =K6*0.19 -> 0 | M6: =K6*0.0345 -> 0 | N6: =K6-L6-M6 -> 0
D7: =B7*C7 -> 0 | E7: =D7*0.19 -> 0 | F7: =D7-E7 -> 0 | K7: =I7*J7 -> 0 | L7: =K7*0.19 -> 0 | M7: =K7*0.0345 -> 0 | N7: =K7-L7-M7 -> 0
D8: =B8*C8 -> 0 | E8: =D8*0.19 -> 0 | F8: =D8-E8 -> 0 | K8: =I8*J8 -> 0 | L8: =K8*0.19 -> 0 | M8: =K8*0.0345 -> 0 | N8: =K8-L8-M8 -> 0
D9: =B9*C9 -> 0 | E9: =D9*0.19 -> 0 | F9: =D9-E9 -> 0 | K9: =I9*J9 -> 0 | L9: =K9*0.19 -> 0 | M9: =K9*0.0345 -> 0 | N9: =K9-L9-M9 -> 0
D10: =B10*C10 -> 0 | E10: =D10*0.19 -> 0 | F10: =D10-E10 -> 0 | K10: =I10*J10 -> 0 | L10: =K10*0.19 -> 0 | M10: =K10*0.0345 -> 0 | N10: =K10-L10-M10 -> 0
D11: =B11*C11 -> 0 | E11: =D11*0.19 -> 0 | F11: =D11-E11 -> 0 | K11: =I11*J11 -> 0 | L11: =K11*0.19 -> 0 | M11: =K11*0.0345 -> 0 | N11: =K11-L11-M11 -> 0
D12: =B12*C12 -> 0 | E12: =D12*0.19 -> 0 | F12: =D12-E12 -> 0 | K12: =I12*J12 -> 0 | L12: =K12*0.19 -> 0 | M12: =K12*0.0345 -> 0 | N12: =K12-L12-M12 -> 0
D13: =B13*C13 -> 0 | E13: =D13*0.19 -> 0 | F13: =D13-E13 -> 0 | K13: =I13*J13 -> 0 | L13: =K13*0.19 -> 0 | M13: =K13*0.0345 -> 0 | N13: =K13-L13-M13 -> 0
D14: =B14*C14 -> 0 | E14: =D14*0.19 -> 0 | F14: =D14-E14 -> 0 | K14: =I14*J14 -> 0 | L14: =K14*0.19 -> 0 | M14: =K14*0.0345 -> 0 | N14: =K14-L14-M14 -> 0
D15: =B15*C15 -> 0 | E15: =D15*0.19 -> 0 | F15: =D15-E15 -> 0 | K15: =I15*J15 -> 0 | L15: =K15*0.19 -> 0 | M15: =K15*0.0345 -> 0 | N15: =K15-L15-M15 -> 0
... D38: =B38*C38 -> 0 | E38: =D38*0.19 -> 0 | F38: =D38-E38 -> 0 | K38: =I38*J38 -> 0 | L38: =K38*0.19 -> 0 | M38: =K38*0.0345 -> 0 | N38: =K38-L38-M38 -> 0
A39: FINAL EFECTIVO | D39: =SUM(D2:D38) -> 0 | E39: =SUM(E3:E38) -> 0 | F39: =SUM(F3:F38) -> 0 | H39: FINAL SUMUP | K39: =SUM(K3:K38) -> 0 | L39: =SUM(L2:L38) -> 0 | M39: =SUM(M3:M38) -> 0 | N39: =SUM(N3:N38) -> 0

Sheet LOSTO
A1: EFECTIVO | H1: SUMUP
A2: PRODUCTO | B2: VALOR | C2: CANTIDAD | D2: TOTAL | E2: IVA | F2: TOTAL S.I | H2: PRODUCTO | I2: VALOR | J2: CANTIDAD | K2: TOTAL | L2: IVA | M2: SUMUP | N2: TOTAL S.I.S | P2: TOTAL VENTA | Q2: TOTAL IVA | R2: TOTAL SUMUP | S2: TOTAL FINAL
D3: =B3*C3 -> 0 | E3: =D3*0.19 -> 0 | F3: =D3-E3 -> 0 | K3: =I3*J3 -> 0 | L3: =K3*0.19 -> 0 | M3: =K3*0.0345 -> 0 | N3: =K3-L3-M3 -> 0 | P3: =D39+K39 -> 0 | Q3: =E39+L39 -> 0 | R3: =M39 -> 0 | S3: =P3-Q3-R3 -> 0
D4: =B4*C4 -> 0 | E4: =D4*0.19 -> 0 | F4: =D4-E4 -> 0 | K4: =I4*J4 -> 0 | L4: =K4*0.19 -> 0 | M4: =K4*0.0345 -> 0 | N4: =K4-L4-M4 -> 0
D5: =B5*C5 -> 0 | E5: =D5*0.19 -> 0 | F5: =D5-E5 -> 0 | K5: =I5*J5 -> 0 | L5: =K5*0.19 -> 0 | M5: =K5*0.0345 -> 0 | N5: =K5-L5-M5 -> 0
D6: =B6*C6 -> 0 | E6: =D6*0.19 -> 0 | F6: =D6-E6 -> 0 | K6: =I6*J6 -> 0 | L6: =K6*0.19 -> 0 | M6: =K6*0.0345 -> 0 | N6: =K6-L6-M6 -> 0
D7: =B7*C7 -> 0 | E7: =D7*0.19 -> 0 | F7: =D7-E7 -> 0 | K7: =I7*J7 -> 0 | L7: =K7*0.19 -> 0 | M7: =K7*0.0345 -> 0 | N7: =K7-L7-M7 -> 0
D8: =B8*C8 -> 0 | E8: =D8*0.19 -> 0 | F8: =D8-E8 -> 0 | K8: =I8*J8 -> 0 | L8: =K8*0.19 -> 0 | M8: =K8*0.0345 -> 0 | N8: =K8-L8-M8 -> 0
D9: =B9*C9 -> 0 | E9: =D9*0.19 -> 0 | F9: =D9-E9 -> 0 | K9: =I9*J9 -> 0 | L9: =K9*0.19 -> 0 | M9: =K9*0.0345 -> 0 | N9: =K9-L9-M9 -> 0
D10: =B10*C10 -> 0 | E10: =D10*0.19 -> 0 | F10: =D10-E10 -> 0 | K10: =I10*J10 -> 0 | L10: =K10*0.19 -> 0 | M10: =K10*0.0345 -> 0 | N10: =K10-L10-M10 -> 0
D11: =B11*C11 -> 0 | E11: =D11*0.19 -> 0 | F11: =D11-E11 -> 0 | K11: =I11*J11 -> 0 | L11: =K11*0.19 -> 0 | M11: =K11*0.0345 -> 0 | N11: =K11-L11-M11 -> 0
D12: =B12*C12 -> 0 | E12: =D12*0.19 -> 0 | F12: =D12-E12 -> 0 | K12: =I12*J12 -> 0 | L12: =K12*0.19 -> 0 | M12: =K12*0.0345 -> 0 | N12: =K12-L12-M12 -> 0
D13: =B13*C13 -> 0 | E13: =D13*0.19 -> 0 | F13: =D13-E13 -> 0 | K13: =I13*J13 -> 0 | L13: =K13*0.19 -> 0 | M13: =K13*0.0345 -> 0 | N13: =K13-L13-M13 -> 0
D14: =B14*C14 -> 0 | E14: =D14*0.19 -> 0 | F14: =D14-E14 -> 0 | K14: =I14*J14 -> 0 | L14: =K14*0.19 -> 0 | M14: =K14*0.0345 -> 0 | N14: =K14-L14-M14 -> 0
D15: =B15*C15 -> 0 | E15: =D15*0.19 -> 0 | F15: =D15-E15 -> 0 | K15: =I15*J15 -> 0 | L15: =K15*0.19 -> 0 | M15: =K15*0.0345 -> 0 | N15: =K15-L15-M15 -> 0
... D38: =B38*C38 -> 0 | E38: =D38*0.19 -> 0 | F38: =D38-E38 -> 0 | K38: =I38*J38 -> 0 | L38: =K38*0.19 -> 0 | M38: =K38*0.0345 -> 0 | N38: =K38-L38-M38 -> 0
A39: FINAL EFECTIVO | D39: =SUM(D2:D38) -> 0 | E39: =SUM(E3:E38) -> 0 | F39: =SUM(F3:F38) -> 0 | H39: FINAL SUMUP | K39: =SUM(K3:K38) -> 0 | L39: =SUM(L2:L38) -> 0 | M39: =SUM(M3:M38) -> 0 | N39: =SUM(N3:N38) -> 0

Sheet DULCE
A1: EFECTIVO | H1: SUMUP
A2: PRODUCTO | B2: VALOR | C2: CANTIDAD | D2: TOTAL | E2: IVA | F2: TOTAL S.I | H2: PRODUCTO | I2: VALOR | J2: CANTIDAD | K2: TOTAL | L2: IVA | M2: SUMUP | N2: TOTAL S.I.S | P2: TOTAL VENTA | Q2: TOTAL IVA | R2: TOTAL SUMUP | S2: TOTAL FINAL
D3: =B3*C3 -> 0 | E3: =D3*0.19 -> 0 | F3: =D3-E3 -> 0 | K3: =I3*J3 -> 0 | L3: =K3*0.19 -> 0 | M3: =K3*0.0345 -> 0 | N3: =K3-L3-M3 -> 0 | P3: =D39+K39 -> 0 | Q3: =E39+L39 -> 0 | R3: =M39 -> 0 | S3: =P3-Q3-R3 -> 0
D4: =B4*C4 -> 0 | E4: =D4*0.19 -> 0 | F4: =D4-E4 -> 0 | K4: =I4*J4 -> 0 | L4: =K4*0.19 -> 0 | M4: =K4*0.0345 -> 0 | N4: =K4-L4-M4 -> 0
D5: =B5*C5 -> 0 | E5: =D5*0.19 -> 0 | F5: =D5-E5 -> 0 | K5: =I5*J5 -> 0 | L5: =K5*0.19 -> 0 | M5: =K5*0.0345 -> 0 | N5: =K5-L5-M5 -> 0
D6: =B6*C6 -> 0 | E6: =D6*0.19 -> 0 | F6: =D6-E6 -> 0 | K6: =I6*J6 -> 0 | L6: =K6*0.19 -> 0 | M6: =K6*0.0345 -> 0 | N6: =K6-L6-M6 -> 0
D7: =B7*C7 -> 0 | E7: =D7*0.19 -> 0 | F7: =D7-E7 -> 0 | K7: =I7*J7 -> 0 | L7: =K7*0.19 -> 0 | M7: =K7*0.0345 -> 0 | N7: =K7-L7-M7 -> 0
D8: =B8*C8 -> 0 | E8: =D8*0.19 -> 0 | F8: =D8-E8 -> 0 | K8: =I8*J8 -> 0 | L8: =K8*0.19 -> 0 | M8: =K8*0.0345 -> 0 | N8: =K8-L8-M8 -> 0
D9: =B9*C9 -> 0 | E9: =D9*0.19 -> 0 | F9: =D9-E9 -> 0 | K9: =I9*J9 -> 0 | L9: =K9*0.19 -> 0 | M9: =K9*0.0345 -> 0 | N9: =K9-L9-M9 -> 0
D10: =B10*C10 -> 0 | E10: =D10*0.19 -> 0 | F10: =D10-E10 -> 0 | K10: =I10*J10 -> 0 | L10: =K10*0.19 -> 0 | M10: =K10*0.0345 -> 0 | N10: =K10-L10-M10 -> 0
D11: =B11*C11 -> 0 | E11: =D11*0.19 -> 0 | F11: =D11-E11 -> 0 | K11: =I11*J11 -> 0 | L11: =K11*0.19 -> 0 | M11: =K11*0.0345 -> 0 | N11: =K11-L11-M11 -> 0
D12: =B12*C12 -> 0 | E12: =D12*0.19 -> 0 | F12: =D12-E12 -> 0 | K12: =I12*J12 -> 0 | L12: =K12*0.19 -> 0 | M12: =K12*0.0345 -> 0 | N12: =K12-L12-M12 -> 0
D13: =B13*C13 -> 0 | E13: =D13*0.19 -> 0 | F13: =D13-E13 -> 0 | K13: =I13*J13 -> 0 | L13: =K13*0.19 -> 0 | M13: =K13*0.0345 -> 0 | N13: =K13-L13-M13 -> 0
D14: =B14*C14 -> 0 | E14: =D14*0.19 -> 0 | F14: =D14-E14 -> 0 | K14: =I14*J14 -> 0 | L14: =K14*0.19 -> 0 | M14: =K14*0.0345 -> 0 | N14: =K14-L14-M14 -> 0
D15: =B15*C15 -> 0 | E15: =D15*0.19 -> 0 | F15: =D15-E15 -> 0 | K15: =I15*J15 -> 0 | L15: =K15*0.19 -> 0 | M15: =K15*0.0345 -> 0 | N15: =K15-L15-M15 -> 0
... D38: =B38*C38 -> 0 | E38: =D38*0.19 -> 0 | F38: =D38-E38 -> 0 | K38: =I38*J38 -> 0 | L38: =K38*0.19 -> 0 | M38: =K38*0.0345 -> 0 | N38: =K38-L38-M38 -> 0
A39: FINAL EFECTIVO | D39: =SUM(D2:D38) -> 0 | E39: =SUM(E3:E38) -> 0 | F39: =SUM(F3:F38) -> 0 | H39: FINAL SUMUP | K39: =SUM(K3:K38) -> 0 | L39: =SUM(L2:L38) -> 0 | M39: =SUM(M3:M38) -> 0 | N39: =SUM(N3:N38) -> 0

Sheet B
A1: EFECTIVO | H1: SUMUP
A2: PRODUCTO | B2: VALOR | C2: CANTIDAD | D2: TOTAL | E2: IVA | F2: TOTAL S.I | H2: PRODUCTO | I2: VALOR | J2: CANTIDAD | K2: TOTAL | L2: IVA | M2: SUMUP | N2: TOTAL S.I.S | P2: TOTAL VENTA | Q2: TOTAL IVA | R2: TOTAL SUMUP | S2: TOTAL FINAL
D3: =B3*C3 -> 0 | E3: =D3*0.19 -> 0 | F3: =D3-E3 -> 0 | K3: =I3*J3 -> 0 | L3: =K3*0.19 -> 0 | M3: =K3*0.0345 -> 0 | N3: =K3-L3-M3 -> 0 | P3: =D39+K39 -> 0 | Q3: =E39+L39 -> 0 | R3: =M39 -> 0 | S3: =P3-Q3-R3 -> 0
D4: =B4*C4 -> 0 | E4: =D4*0.19 -> 0 | F4: =D4-E4 -> 0 | K4: =I4*J4 -> 0 | L4: =K4*0.19 -> 0 | M4: =K4*0.0345 -> 0 | N4: =K4-L4-M4 -> 0
D5: =B5*C5 -> 0 | E5: =D5*0.19 -> 0 | F5: =D5-E5 -> 0 | K5: =I5*J5 -> 0 | L5: =K5*0.19 -> 0 | M5: =K5*0.0345 -> 0 | N5: =K5-L5-M5 -> 0
D6: =B6*C6 -> 0 | E6: =D6*0.19 -> 0 | F6: =D6-E6 -> 0 | K6: =I6*J6 -> 0 | L6: =K6*0.19 -> 0 | M6: =K6*0.0345 -> 0 | N6: =K6-L6-M6 -> 0
D7: =B7*C7 -> 0 | E7: =D7*0.19 -> 0 | F7: =D7-E7 -> 0 | K7: =I7*J7 -> 0 | L7: =K7*0.19 -> 0 | M7: =K7*0.0345 -> 0 | N7: =K7-L7-M7 -> 0
D8: =B8*C8 -> 0 | E8: =D8*0.19 -> 0 | F8: =D8-E8 -> 0 | K8: =I8*J8 -> 0 | L8: =K8*0.19 -> 0 | M8: =K8*0.0345 -> 0 | N8: =K8-L8-M8 -> 0
D9: =B9*C9 -> 0 | E9: =D9*0.19 -> 0 | F9: =D9-E9 -> 0 | K9: =I9*J9 -> 0 | L9: =K9*0.19 -> 0 | M9: =K9*0.0345 -> 0 | N9: =K9-L9-M9 -> 0
D10: =B10*C10 -> 0 | E10: =D10*0.19 -> 0 | F10: =D10-E10 -> 0 | K10: =I10*J10 -> 0 | L10: =K10*0.19 -> 0 | M10: =K10*0.0345 -> 0 | N10: =K10-L10-M10 -> 0
D11: =B11*C11 -> 0 | E11: =D11*0.19 -> 0 | F11: =D11-E11 -> 0 | K11: =I11*J11 -> 0 | L11: =K11*0.19 -> 0 | M11: =K11*0.0345 -> 0 | N11: =K11-L11-M11 -> 0
D12: =B12*C12 -> 0 | E12: =D12*0.19 -> 0 | F12: =D12-E12 -> 0 | K12: =I12*J12 -> 0 | L12: =K12*0.19 -> 0 | M12: =K12*0.0345 -> 0 | N12: =K12-L12-M12 -> 0
D13: =B13*C13 -> 0 | E13: =D13*0.19 -> 0 | F13: =D13-E13 -> 0 | K13: =I13*J13 -> 0 | L13: =K13*0.19 -> 0 | M13: =K13*0.0345 -> 0 | N13: =K13-L13-M13 -> 0
D14: =B14*C14 -> 0 | E14: =D14*0.19 -> 0 | F14: =D14-E14 -> 0 | K14: =I14*J14 -> 0 | L14: =K14*0.19 -> 0 | M14: =K14*0.0345 -> 0 | N14: =K14-L14-M14 -> 0
D15: =B15*C15 -> 0 | E15: =D15*0.19 -> 0 | F15: =D15-E15 -> 0 | K15: =I15*J15 -> 0 | L15: =K15*0.19 -> 0 | M15: =K15*0.0345 -> 0 | N15: =K15-L15-M15 -> 0
... D38: =B38*C38 -> 0 | E38: =D38*0.19 -> 0 | F38: =D38-E38 -> 0 | K38: =I38*J38 -> 0 | L38: =K38*0.19 -> 0 | M38: =K38*0.0345 -> 0 | N38: =K38-L38-M38 -> 0
A39: FINAL EFECTIVO | D39: =SUM(D2:D38) -> 0 | E39: =SUM(E3:E38) -> 0 | F39: =SUM(F3:F38) -> 0 | H39: FINAL SUMUP | K39: =SUM(K3:K38) -> 0 | L39: =SUM(L2:L38) -> 0 | M39: =SUM(M3:M38) -> 0 | N39: =SUM(N3:N38) -> 0

Sheet C
A1: EFECTIVO | H1: SUMUP
A2: PRODUCTO | B2: VALOR | C2: CANTIDAD | D2: TOTAL | E2: IVA | F2: TOTAL S.I | H2: PRODUCTO | I2: VALOR | J2: CANTIDAD | K2: TOTAL | L2: IVA | M2: SUMUP | N2: TOTAL S.I.S | P2: TOTAL VENTA | Q2: TOTAL IVA | R2: TOTAL SUMUP | S2: TOTAL FINAL
D3: =B3*C3 -> 0 | E3: =D3*0.19 -> 0 | F3: =D3-E3 -> 0 | K3: =I3*J3 -> 0 | L3: =K3*0.19 -> 0 | M3: =K3*0.0345 -> 0 | N3: =K3-L3-M3 -> 0 | P3: =D39+K39 -> 0 | Q3: =E39+L39 -> 0 | R3: =M39 -> 0 | S3: =P3-Q3-R3 -> 0
D4: =B4*C4 -> 0 | E4: =D4*0.19 -> 0 | F4: =D4-E4 -> 0 | K4: =I4*J4 -> 0 | L4: =K4*0.19 -> 0 | M4: =K4*0.0345 -> 0 | N4: =K4-L4-M4 -> 0
D5: =B5*C5 -> 0 | E5: =D5*0.19 -> 0 | F5: =D5-E5 -> 0 | K5: =I5*J5 -> 0 | L5: =K5*0.19 -> 0 | M5: =K5*0.0345 -> 0 | N5: =K5-L5-M5 -> 0
D6: =B6*C6 -> 0 | E6: =D6*0.19 -> 0 | F6: =D6-E6 -> 0 | K6: =I6*J6 -> 0 | L6: =K6*0.19 -> 0 | M6: =K6*0.0345 -> 0 | N6: =K6-L6-M6 -> 0
D7: =B7*C7 -> 0 | E7: =D7*0.19 -> 0 | F7: =D7-E7 -> 0 | K7: =I7*J7 -> 0 | L7: =K7*0.19 -> 0 | M7: =K7*0.0345 -> 0 | N7: =K7-L7-M7 -> 0
D8: =B8*C8 -> 0 | E8: =D8*0.19 -> 0 | F8: =D8-E8 -> 0 | K8: =I8*J8 -> 0 | L8: =K8*0.19 -> 0 | M8: =K8*0.0345 -> 0 | N8: =K8-L8-M8 -> 0
D9: =B9*C9 -> 0 | E9: =D9*0.19 -> 0 | F9: =D9-E9 -> 0 | K9: =I9*J9 -> 0 | L9: =K9*0.19 -> 0 | M9: =K9*0.0345 -> 0 | N9: =K9-L9-M9 -> 0
D10: =B10*C10 -> 0 | E10: =D10*0.19 -> 0 | F10: =D10-E10 -> 0 | K10: =I10*J10 -> 0 | L10: =K10*0.19 -> 0 | M10: =K10*0.0345 -> 0 | N10: =K10-L10-M10 -> 0
D11: =B11*C11 -> 0 | E11: =D11*0.19 -> 0 | F11: =D11-E11 -> 0 | K11: =I11*J11 -> 0 | L11: =K11*0.19 -> 0 | M11: =K11*0.0345 -> 0 | N11: =K11-L11-M11 -> 0
D12: =B12*C12 -> 0 | E12: =D12*0.19 -> 0 | F12: =D12-E12 -> 0 | K12: =I12*J12 -> 0 | L12: =K12*0.19 -> 0 | M12: =K12*0.0345 -> 0 | N12: =K12-L12-M12 -> 0
D13: =B13*C13 -> 0 | E13: =D13*0.19 -> 0 | F13: =D13-E13 -> 0 | K13: =I13*J13 -> 0 | L13: =K13*0.19 -> 0 | M13: =K13*0.0345 -> 0 | N13: =K13-L13-M13 -> 0
D14: =B14*C14 -> 0 | E14: =D14*0.19 -> 0 | F14: =D14-E14 -> 0 | K14: =I14*J14 -> 0 | L14: =K14*0.19 -> 0 | M14: =K14*0.0345 -> 0 | N14: =K14-L14-M14 -> 0
D15: =B15*C15 -> 0 | E15: =D15*0.19 -> 0 | F15: =D15-E15 -> 0 | K15: =I15*J15 -> 0 | L15: =K15*0.19 -> 0 | M15: =K15*0.0345 -> 0 | N15: =K15-L15-M15 -> 0
... D38: =B38*C38 -> 0 | E38: =D38*0.19 -> 0 | F38: =D38-E38 -> 0 | K38: =I38*J38 -> 0 | L38: =K38*0.19 -> 0 | M38: =K38*0.0345 -> 0 | N38: =K38-L38-M38 -> 0
A39: FINAL EFECTIVO | D39: =SUM(D2:D38) -> 0 | E39: =SUM(E3:E38) -> 0 | F39: =SUM(F3:F38) -> 0 | H39: FINAL SUMUP | K39: =SUM(K3:K38) -> 0 | L39: =SUM(L2:L38) -> 0 | M39: =SUM(M3:M38) -> 0 | N39: =SUM(N3:N38) -> 0
